Pays,Superficie,Superficie_edited
Russia,"17,098,246 (6,601,667)",17098246
Antarctica,"14,200,000 (5,480,000)",14200000
Canada,"9,984,670 (3,855,100)",9984670
China,"9,596,960 (3,705,410)",9596960
United States,"9,369,417 (3,617,551)",9369417
Brazil,"8,510,346 (3,285,862)",8510346
Australia,"7,741,220 (2,988,900)",7741220
India,"3,287,263 (1,269,219)",3287263
Argentina,"2,780,400 (1,073,500)",2780400
Kazakhstan,"2,724,910 (1,052,090)",2724910
Algeria,"2,381,741 (919,595)",2381741
Republic of the Congo,Republic of the Congo,Republic of the Congo
Danish Realm,"2,210,573 (853,507)",2210573
Greenland,"2,166,086 (836,330)",2166086
Saudi Arabia,"2,149,690 (830,000)",2149690
Mexico,"1,964,375 (758,449)",1964375
Indonesia,"1,904,569 (735,358)",1904569
Sudan,"1,861,484 (718,723)",1861484
Libya,"1,759,540 (679,362)",1759540
Iran,"1,648,195 (636,371)",1648195
Mongolia,"1,564,116 (603,908)",1564116
Peru,"1,285,216 (496,224)",1285216
Chad,"1,284,000 (495,800)",1284000
Niger,"1,267,000 (489,200)",1267000
Angola,"1,246,700 (481,350)",1246700
Mali,"1,240,192 (478,841)",1240192
South Africa,"1,219,090 (470,693)",1219090
Colombia,"1,138,910 (439,735)",1138910
Ethiopia,"1,104,300 (426,370)",1104300
Bolivia,"1,098,581 (424,164)",1098581
Mauritania,"1,030,700 (397,960)",1030700
Egypt,"1,001,450 (386,662)",1001450
Tanzania,"947,303 (365,756)",947303
Nigeria,"923,768 (356,669)",923768
Venezuela,"912,050 (352,140)",912050
Pakistan,"882,363 (340,682)",882363
Namibia,"824,292 (318,261)",824292
Mozambique,"799,380 (308,640)",799380
Turkey,"783,562 (302,535)",783562
Chile,"756,102 (291,932)",756102
Zambia,"752,612 (290,585)",752612
Myanmar,"676,578 (261,228)",676578
Afghanistan,"652,864 (252,072)",652864
Sudan,Sudan,Sudan
France,"643,801 (248,573)",643801
Somalia,"637,657 (246,201)",637657
Central African Republic,"622,984 (240,535)",622984
Ukraine,"603,550 (233,030)",603550
Madagascar,"587,041 (226,658)",587041
Botswana,"582,000 (225,000)",582000
Kenya,"580,367 (224,081)",580367
France,"543,940 (210,020)",543940
Yemen,"527,968 (203,850)",527968
Thailand,"513,120 (198,120)",513120
Spain,"505,370 (195,120)",505370
Turkmenistan,"488,100 (188,500)",488100
Cameroon,"475,650 (183,650)",475650
Guinea,Guinea,Guinea
Uzbekistan,"447,400 (172,700)",447400
Sweden,"447,425 (172,752)",447425
Morocco,"446,550 (172,410)",446550
Iraq,"438,317 (169,235)",438317
Paraguay,"406,752 (157,048)",406752
Zimbabwe,"390,757 (150,872)",390757
Norway,"386,224 (149,122)",386224
Japan,"377,915 (145,914)",377915
Germany,"357,581 (138,063)",357581
Republic of the Congo,"342,000 (132,000)",342000
Finland,"338,145 (130,558)",338145
Vietnam,"331,340 (127,930)",331340
Malaysia,"329,847 (127,355)",329847
Norway,"323,802 (125,021)",323802
Ivory Coast,"322,462 (124,503)",322462
Poland,"312,685 (120,728)",312685
Oman,"309,500 (119,500)",309500
Italy,"302,068 (116,629)",302068
Philippines,"300,000 (100,000)",300000
Ecuador,"283,561 (109,483)",283561
Burkina Faso,"274,200 (105,900)",274200
New Zealand,"268,838 (103,799)",268838
Gabon,"267,668 (103,347)",267668
Western Sahara,"266,000 (103,000)",266000
Guinea,"245,857 (94,926)",245857
United Kingdom,"243,610 (94,058)",243610
Uganda,"241,550 (93,263)",241550
Ghana,"238,537 (92,100)",238537
Romania,"238,398 (92,046)",238398
Laos,"236,800 (91,430)",236800
Guyana,"214,969 (83,000)",214969
Belarus,"207,600 (80,160)",207600
Kyrgyzstan,"199,949 (77,201)",199949
Senegal,"196,712 (75,951)",196712
Syria,"185,180 (71,498)",185180
Cambodia,"181,035 (69,898)",181035
Somaliland,"177,000 (68,300)",177000
Uruguay,"176,215 (68,037)",176215
Suriname,"163,820 (63,251)",163820
Tunisia,"163,610 (63,170)",163610
Bangladesh,"148,460 (57,321)",148460
Nepal,"147,181 (56,827)",147181
Tajikistan,"144,100 (55,640)",144100
Greece,"131,957 (50,949)",131957
Nicaragua,"130,373 (50,337)",130373
North Korea,"120,538 (46,540)",120538
Malawi,"118,484 (45,747)",118484
Eritrea,"117,600 (45,410)",117600
Benin,"114,763 (44,310)",114763
Honduras,"112,492 (43,433)",112492
Liberia,"111,369 (43,000)",111369
Bulgaria,"110,879 (42,811)",110879
Cuba,"109,884 (42,426)",109884
Guatemala,"108,889 (42,042)",108889
Iceland,"103,000 (39,800)",103000
South Korea,"100,432 (38,777)",100432
Hungary,"93,025 (35,917)",93025
Portugal,"92,225 (35,608)",92225
Jordan,"89,318 (34,486)",89318
Serbia,"88,499 (34,170)",88499
Azerbaijan,"86,600 (33,400)",86600
Austria,"83,878 (32,385)",83878
United Arab Emirates,"78,157 (30,177)",78157
Czech Republic,"78,871 (30,452)",78871
Panama,"75,320 (29,080)",75320
Sierra Leone,"72,300 (27,900)",72300
Ireland,Ireland,Ireland
Georgia,Georgia,Georgia
Sri Lanka,"65,610 (25,330)",65610
Lithuania,"65,286 (25,207)",65286
Latvia,"64,594 (24,940)",64594
Svalbard,"62,045 (23,956)",62045
Togo,"56,785 (21,925)",56785
Croatia,"56,594 (21,851)",56594
Bosnia and Herzegovina,"51,209 (19,772)",51209
Costa Rica,"51,100 (19,700)",51100
Slovakia,"49,035 (18,933)",49035
Dominican Republic,"48,670 (18,790)",48670
Estonia,"45,339 (17,505)",45339
Denmark,"42,947 (16,582)",42947
Netherlands,"41,865 (16,164)",41865
Switzerland,"41,291 (15,943)",41291
Bhutan,"38,394 (14,824)",38394
Taiwan,"35,980 (13,890)",35980
Guinea,Guinea,Guinea
Moldova,"33,847 (13,068)",33847
Belgium,"30,528 (11,787)",30528
Lesotho,"30,355 (11,720)",30355
Armenia,"29,743 (11,484)",29743
Solomon Islands,"28,896 (11,157)",28896
Albania,"28,748 (11,100)",28748
Guinea,Guinea,Guinea
Burundi,"27,834 (10,747)",27834
Haiti,"27,750 (10,710)",27750
Rwanda,"26,338 (10,169)",26338
North Macedonia,"25,713 (9,928)",25713
Djibouti,"23,200 (8,960)",23200
Belize,"22,965 (8,867)",22965
Israel,"21,937 (8,470)",21937
El Salvador,"21,041 (8,124)",21041
Slovenia,"20,273 (7,827)",20273
New Caledonia,"18,575 (7,172)",18575
Fiji,"18,272 (7,055)",18272
Kuwait,"17,818 (6,880)",17818
Eswatini,"17,363 (6,704)",17363
East Timor,"14,874 (5,743)",14874
Bahamas,Bahamas,Bahamas
Montenegro,"13,812 (5,333)",13812
Vanuatu,"12,189 (4,706)",12189
Falkland Islands,"12,173 (4,700)",12173
Qatar,"11,586 (4,473)",11586
Gambia,Gambia,Gambia
Jamaica,"10,991 (4,244)",10991
Kosovo,"10,887 (4,203)",10887
Lebanon,"10,452 (4,036)",10452
Cyprus,"9,251 (3,572)",9251
Puerto Rico,"9,104 (3,515)",9104
Abkhazia,"8,665 (3,346)",8665
French Southern and Antarctic Lands,"7,747 (2,991)",7747
Palestine,Palestine,Palestine
Brunei,"5,765 (2,226)",5765
Trinidad and Tobago,"5,127 (1,980)",5127
French Polynesia,"4,167 (1,609)",4167
Transnistria,"4,163 (1,607)",4163
Cape Verde,"4,033 (1,557)",4033
Georgia,Georgia,Georgia
South Ossetia,"3,900 (1,500)",3900
Cyprus,Cyprus,Cyprus
Samoa,"2,842 (1,097)",2842
Luxembourg,"2,586 (998)",2586
Bir Tawil,"2,060 (795)",2060
Mauritius,"2,040 (788)",2040
Comoros,"1,861 (719)",1861
Åland,"1,581 (610)",1581
Faroe Islands,"1,393 (538)",1393
Hong Kong,"1,114 (430)",1114
São Tomé and Príncipe,964 (372),964
Turks and Caicos Islands,948 (366),948
Kiribati,811 (313),811
Bahrain,778 (300),778
Dominican Republic,Dominican Republic,Dominican Republic
Tonga,747 (288),747
Singapore,733 (283),733
Micronesia,Micronesia,Micronesia
Saint Lucia,616 (238),616
Isle of Man,572 (221),572
Guam,541 (209),541
Andorra,468 (181),468
Palau,459 (177),459
Northern Mariana Islands,457 (176),457
Seychelles,457 (176),457
Curaçao,444 (171),444
Antigua and Barbuda,442 (171),442
Barbados,431 (166),431
Heard Island and McDonald Islands,412 (159),412
"Saint Helena, Ascension and Tristan da Cunha",394 (152),394
Saint Vincent and the Grenadines,389 (150),389
Jan Mayen,377 (146),377
United States,United States,United States
Grenada,345 (133),345
Malta,315 (122),315
Maldives,300 (100),300
Bonaire,288 (111),288
Cayman Islands,264 (102),264
Saint Kitts and Nevis,261 (101),261
Niue,260 (100),260
Akrotiri and Dhekelia,254 (98),254
Saint Pierre and Miquelon,242 (93),242
Cook Islands,236 (91),236
Samoa,Samoa,Samoa
Marshall Islands,181 (70),181
Aruba,180 (69),180
Easter Island,163 (63),163
Liechtenstein,160 (62),160
British Virgin Islands,151 (58),151
Wallis and Futuna,142 (55),142
Christmas Island,135 (52),135
Jersey,116 (45),116
Montserrat,103 (40),103
Anguilla,91 (35),91
Bailiwick of Guernsey,78 (30),78
San Marino,61 (24),61
India,India,India
Bermuda,54 (21),54
France,France,France
Bouvet Island,49 (19),49
Pitcairn Islands,47 (18),47
Norfolk Island,36 (14),36
Sint Maarten,34 (13),34
United States,United States,United States
Macau,33 (13),33
Tuvalu,26 (10),26
Saint Barthélemy,22 (8),22
Nauru,21 (8),21
Sint Eustatius,21 (8),21
Cocos (Keeling) Islands,14 (5),14
Saba (island),13 (5),13
Tokelau,12 (5),12
Gibraltar,6.8 (2.6),"6,8"
Clipperton Island,6.0 (2.3),"6,0"
Ashmore and Cartier Islands,5.0 (1.9),"5,0"
Coral Sea Islands,3.0 (1.2),"3,0"
Spratly Islands,2.0 (0.77),"2,0"
Monaco,2.0 (0.77),"2,0"
Vatican City,0.49 (0.19),"0,49"
