language,tweet
education,"ЁЯЧ╜ Tomorrow at 10 am ET is GitHub Field Day NYC! A free ""unconference"" for tech learners at Microsoft Reactor, with keynote by @jonmarkgo
 of @MLHacks
. Join us there and dive into discussions on inclusivity, internships, community building & more:
ЁЯФЧ http://githubfieldday.com/nyc2024/"
education,"We are glad to welcome our Eminent Speakers at the LinkedIn presents ArdorComm ""Education Leadership Symposium"" to be held at The Crown, Bhubaneswar - IHCL SeleQtions, in Bhubaneswar, Odisha on 21st March 2024.

#BhubaneswarEvent  #ELS2024 #ELSBhubaneswar #ArdorComm #LinkedIn"
education,"тАЬShow me a child who doesnтАЩt want to hear a story and tell it back. We put them through a utility education and say that the arts are a luxury. The arts develop our natural creativity. If creativity is a luxury, then being human is a luxury.тАЭ

Jeanette Winterson, being brilliant."
education,"My budget would take on Big Pharma to lower drug costs.
 
It would lower rents by building or preserving two million more homes.
 
It would lower costs for health care, child care, and education.

And it would cut taxes for families while making billionaires pay their fair share."
education,"yтАЩall need to start bringing the тАЬif he wanted to he wouldтАЭ sentiment to uncle sam. bc, yтАЩall, if the gvmt can move this fast to ban tiktok, then they just donтАЩt want us to have access to healthcare, education, child care, etc."
education,"FlintтАЩs school buildings will be closed today after 119 teachers and employees called in sick

The union said the Board of Education rejected a settlement agreement that would have improved pay for Flint teachers, who are among the lowest paid in the state"
education,"Banning TikTok in Nigeria, similar to the US ban, may have potential benefits for teenagers in terms of redirecting their focus towards education and other productive activities. TikTok can be a source of distraction and consume a significant amount of time and attention. By removing TikTok, teenagers may have more time for studying, engaging in hobbies, and personal development
True or False тБЙя╕П

tiktoban | Aigboke Aig-imoukhuede | Lionel Messi | Okowa | BOOKIES FOR A REASON"
education,"The capacity to learn is a gift; the ability to learn is a skill; the willingness to learn is a choice.

We believe tech education from an early age can help prepare and make the future innovators of technology! ЁЯЪА

Send us a Dm today to get your child ready for the future! тЬи"
education,"Name:   Mawidi 
Tribe:     Luhya(nyore)
 Age.:   20
Profession:  Education
R/Status:  wavy relationship 
Religion :     Christianity 
Church: PAG
Birth month:  3 march
Location : Kitui
Home ground:Sirende,kitale

Let's connect ЁЯШМЁЯе░If we have anything in common"
education,"Never forget: our government demanded that you choose a medical product over your employment, your education, your mobility rights, your ability to engage in commerce, and even your family and friends."
рд╢рд┐рдХреНрд╖рд╛,"рдЪрд▓реЛ рдмрдЪреНрдЪреЛрдВ рдорд┐рд▓ рдХрд░ рдЬреБрдбрд╝реЗ рдЧрдЯреНрдЯреВ рдФрд░ рдЪрд┐рдВрдХреА рдХреЗ рд╕рд╛рде рдЙрдирдХреА рдордЬрд╝реЗрджрд╛рд░ рджреБрдирд┐рдпрд╛ рд╕реЗ! рд╣рдорд╛рд░рд╛ #KidsSpecial рд╢реЛ #PiggyBank рдЖрдкрдХреЛ рдмрд╣реБрдд рдкрд╕рдВрдж рдЖрдПрдЧрд╛ред рдЬрд╝рд░реВрд░ рджреЗрдЦреЗрдВ #DDNational рдкрд░ рд╕реЛрдорд╡рд╛рд░ рд╕реЗ рд╢реБрдХреНрд░рд╡рд╛рд░, рд╢рд╛рдо 4:00 рдмрдЬреЗред

#Entertainment |  #Cartoon | #Kids | #Masti | #Education"
рд╢рд┐рдХреНрд╖рд╛,"рдЖрдпреЗ рджрд┐рди рдпреБрд╡рд╛ #рд░реЛрдЬрдЧрд╛рд░ рди рдорд┐рд▓ рдкрд╛рдиреЗ рдХреЗ рдХрд╛рд░рдг рдЬрд╣рд░ рдЦрд╛ рд░рд╣реЗрдВ рд╣реИрдВ !

#BJP #Haryana #India #Unemployment #Youth #Jobs #Poverty #Exam #Government #Education #PaperLeak #Corruption"
рд╢рд┐рдХреНрд╖рд╛,"рдЬрд╛рдирд┐рдП рджреЗрд╢ рдХреА рдкрд╣рд▓реА AI Teacher рдЖрдЗрд░рд┐рд╕ рдХреЗ рдмрд╛рд░реЗ рдореЗрдВ, рдЗрд╕рдХреЗ рд╕рд╛рде рд╣реА рдпреЗ рднреА рдзреНрдпрд╛рди рд░рдЦрд┐рдП рдХрд┐ IMF рдиреЗ рдПрдХ рд░рд┐рдкреЛрд░реНрдЯ рдореЗрдВ рдмрддрд╛рдпрд╛ рд╣реИ рдХрд┐ рдЖрдиреЗ рд╡рд╛рд▓реЗ рд╕рдордп рдореЗрдВ AI Technology рдХрд╛ рдкреНрд░рднрд╛рд╡ 40% рддрдХ рдорд╛рдирд╡ рд╕рдВрдкрджрд╛ рдЖрдзрд╛рд░рд┐рдд рдиреМрдХрд░рд┐рдпреЛрдВ рдкрд░ рдкрдбрд╝рдиреЗ рдХреА рдЖрд╢рдВрдХрд╛ рд╣реИред"
рд╢рд┐рдХреНрд╖рд╛,"Bharat Express Uttarakhand Conclave: рдЙрддреНрддрд░рд╛рдЦрдВрдб рдореЗрдВ рднрд╛рд░рдд рдПрдХреНрд╕рдкреНрд░реЗрд╕ рдиреНрдпреВрдЬ рдиреЗрдЯрд╡рд░реНрдХ рдХреА рдУрд░ рд╕реЗ тАШрдЙрдиреНрдирддрд┐ рдХреА рдУрд░тАЩ рдХреЙрдирдХреНрд▓реЗрд╡ рдХрд╛ рдЖрдпреЛрдЬрди рдХрд┐рдпрд╛ рдЬрд╛ рд░рд╣рд╛ рд╣реИ. рдХрд╛рд░реНрдпрдХреНрд░рдо рдореЗрдВ рднрд╛рд░рдд рдПрдХреНрд╕рдкреНрд░реЗрд╕ рдХреЗ рдЪреЗрдпрд░рдореИрди рдЙрдкреЗрдиреНрджреНрд░ рд░рд╛рдп рдиреЗ рдХрд╣рд╛- рдкреНрд░рдзрд╛рдирдордВрддреНрд░реА рдирд░реЗрдВрджреНрд░ рдореЛрджреА рдЬреЛ рдмреЛрд▓рддреЗ рд╣реИрдВ, рд╡реЛ рд╕рд╣реА рд╕рд╛рдмрд┐рдд рд╣реЛ рд░рд╣рд╛ рд╣реИ.

#Education #Infrastructure #Health #UttarakhandConclave #UttarakhandUnnatiKiAur #PushkarSinghDhami #BJPUttarakhand #NarendraModi #BharatExpress | @UpendrraRai
 @narendramodi
 @pushkardhami
 @MygovU"
рд╢рд┐рдХреНрд╖рд╛,"рдкреЗрдкрд░ рд▓реАрдХ рдХрд╛ ""рднрд╛рдЬрдкрд╛рдИ рдиреЗрдХреНрд╕рд╕""! 

#Education #Exam #PaperLeak #UttarPradesh #Rajasthan #MadhyaPradesh #Jobs #Youth"
рд╢рд┐рдХреНрд╖рд╛,"рд╢рд┐рдХреНрд╖рд╛ рд╡рд┐рднрд╛рдЧ рдХреЗ рдЕрдиреНрддрд░реНрдЧрдд рдЖрдиреЗ рд╡рд╛рд▓реЗ 
Block education officer (beo) 
рдХреЗ рдкрдж рдХреЛ рдкрд╣рд▓реЗ рдХреА рддрд░рд╣ рд╢рд┐рдХреНрд╖рдХреЛ рдХреЗ рд▓рд┐рдП 
рдЖрд░рдХреНрд╖рд┐рдд рдХрд░рддреЗ рд╣реБрдПрдВ , рдмрд┐рд╣рд╛рд░ рд▓реЛрдХрд╕реЗрд╡рд╛ рдЖрдпреЛрдЧ рдХреЗ рджреНрд╡рд╛рд░рд╛ рдмрд╣рд╛рд▓реА рдХреА рдЬрд╛рдп... рд╣рдореЗрд╢рд╛ рд╕реЗ рд╢рд┐рдХреНрд╖рдХреЛ рдХреЛ рд╣реА рдкрджреЛрдиреНрдирддрд┐ рдХреЗ рдорд╛рдзреНрдпрдо рд╕реЗ beo рдмрдирд╛рдпрд╛ рдЬрд╛рддрд╛ рд░рд╣рд╛ рд╣реИред 
@NitishKumar
 
@VijayKChy
 
@VijayKrSinhaBih"
рд╢рд┐рдХреНрд╖рд╛,"рдпреВрдЬреАрд╕реА рдмрдирд╛ ""рдореЛрджреА рдЪрд╛рдкрд▓реВрд╕реА рдХрдорд┐рд╢рди""! 

#UGC #Education #Schools #Colleges #Universities #NarendraModi #Commission #India #Election #LokSabhaElection2024 #GodiMedia"
рд╢рд┐рдХреНрд╖рд╛,"#Paper рдЯрд▓ рд╕рдХрддрд╛ рд╣реИ рдкрд░ рдЪреМрдереА рдкрд╛рд╕ рд░рд╛рдЬрд╛ рдХрд╛ рджреМрд░рд╛ рдирд╣реАрдВ !

#Students #Exam #Education #Papers #JammuAndKashmir #NarendraModi #GodiMedia"
рд╢рд┐рдХреНрд╖рд╛,"рд▓рдЦрдирдК рдХреЗ рд╕реБрднрд╛рд╖ рдЪрдиреНрджреНрд░ рдмреЛрд╕ рдкреАрдЬреА  рдбрд┐рдЧреНрд░реА рдХреЙрд▓реЗрдЬ рдХреА 1600 рдЫрд╛рддреНрд░рд╛рдУрдВ рдФрд░ рдЕрд╡рдз рдЧрд░реНрд▓реНрд╕ рдбрд┐рдЧреНрд░реА рдХреЙрд▓реЗрдЬ рдХреА 343 рдЫрд╛рддреНрд░рд╛рдУрдВ рдХреЛ рдмреБрдзрд╡рд╛рд░ рдХреЛ рд╕реНрдорд╛рд░реНрдЯ рдлреЛрди рдорд┐рд▓реЗ..

.
.
.
.
#student 
#education 
#Smartphones 
#Lucknow"
рд╢рд┐рдХреНрд╖рд╛,рдЧрдпрд╛ рдХреЗ рд╡рдЬреАрд░рдЧрдВрдЬ рдореЗрдВ рд╡рд┐рджреНрдпрд╛рд▓рдп рдирд┐рд░реАрдХреНрд╖рдг рдХрд░рдиреЗ рдЧрдпреЗ тАШрдлрд░реНрдЬреАтАЩ рдирд┐рд░реАрдХреНрд╖рдгрдХрд░реНрддрд╛ рдЧрд┐рд░рдлреНрддрд╛рд░
